mean,median,sd,n
3.892307450487268,2.7,4.2310925133336275,3181
