month,temp,p_value,precip,p_value
9,-0.474,0.3194658,3.268,0.001358104
10,-1.796,0.04128646,-8.425,1.05E-09
11,1.09,0.1421956,6.807,7.49E-08
12,,,,